RID,ID,Sex,BirthDate,Height,Weight,Duration,Distance,Steps,Type
1,D,M,1939-10-16,1.7842,74.15,9242.328,17339.877300613498,14132,R
2,D,M,1939-10-16,1.7842,74.15,3735.864,6144.028103044496,5247,J
3,I,M,1999-03-12,1.778,72.57,7617.621,24941.052631578947,11847,J
4,H,F,1985-10-16,1.4478,70.76,9134.262,17064.615384615383,16638,R
5,G,F,1957-02-18,1.5542,46.26,3648.96,6549.707602339181,6720,J
6,A,M,1981-04-17,1.8542,92.9864,9690.17,15888.780487804877,16286,W
7,G,F,1957-02-18,1.5542,46.26,5378.415,9653.996101364522,9905,J
8,I,M,1999-03-12,1.778,72.57,1859.55,17828.859060402687,5313,B
9,C,M,1979-04-19,1.7542,145.15,11079.414,19860.492379835872,16941,R
10,G,F,1957-02-18,1.5542,46.26,4978.24,29632.38095238095,15557,B
11,G,F,1957-02-18,1.5542,46.26,4952.519,10424.863387978143,7631,R
12,H,F,1985-10-16,1.4478,70.76,4189.419000000001,7826.666666666667,7631,R
13,G,F,1957-02-18,1.5542,46.26,1548.36,2490.4458598726114,3128,W
14,E,F,1986-12-03,1.625,52.1631,581.4,1472.8682170542636,950,J
15,G,F,1957-02-18,1.5542,46.26,7174.400000000001,42704.7619047619,22420,B
16,G,F,1957-02-18,1.5542,46.26,13876.908000000001,24908.382066276805,25556,J
17,F,F,1984-05-21,1.698,54.4642,12942.304,31206.201550387595,20128,J
18,A,M,1981-04-17,1.8542,92.9864,8826.23,14472.19512195122,14834,W
19,B,M,1991-07-06,1.905,79.83,8895.905,20256.222547584188,13835,J
20,A,M,1981-04-17,1.8542,92.9864,5129.901,13045.714285714286,6849,R
21,E,F,1986-12-03,1.625,52.1631,1659.408,4825.263157894737,2292,R
22,I,M,1999-03-12,1.778,72.57,7288.049999999999,69875.83892617449,20823,B
23,I,M,1999-03-12,1.778,72.57,8069.985,14662.702702702703,13563,W
24,E,F,1986-12-03,1.625,52.1631,6996.78,51258.46153846154,16659,B
25,G,F,1957-02-18,1.5542,46.26,6149.385,9890.92356687898,12423,W
26,F,F,1984-05-21,1.698,54.4642,6802.2970000000005,16401.5503875969,10579,J
27,E,F,1986-12-03,1.625,52.1631,1631.172,4743.157894736842,2253,R
28,G,F,1957-02-18,1.5542,46.26,2282.533,4804.644808743169,3517,R
29,B,M,1991-07-06,1.905,79.83,11453.759,26080.5270863836,17813,J
30,F,F,1984-05-21,1.698,54.4642,3456.635,9715.789473684212,4615,R
31,H,F,1985-10-16,1.4478,70.76,5151.204,7526.21359223301,11628,J
32,I,M,1999-03-12,1.778,72.57,2640.158,8644.21052631579,4106,J
33,G,F,1957-02-18,1.5542,46.26,1439.955,2316.082802547771,2909,W
34,D,M,1939-10-16,1.7842,74.15,9041.550000000001,16963.19018404908,13825,R
35,I,M,1999-03-12,1.778,72.57,14297.105,46810.52631578947,22235,J
36,I,M,1999-03-12,1.778,72.57,7514.255,13652.972972972973,12629,W
37,B,M,1991-07-06,1.905,79.83,15299.025,28319.72789115646,20815,W
38,B,M,1991-07-06,1.905,79.83,2807.338,6392.386530014641,4366,J
39,B,M,1991-07-06,1.905,79.83,6291.45,68564.18918918919,20295,B
40,D,M,1939-10-16,1.7842,74.15,113.91999999999999,187.3536299765808,160,J
41,E,F,1986-12-03,1.625,52.1631,6460.976,18787.36842105263,8924,R
42,F,F,1984-05-21,1.698,54.4642,7357.5599999999995,53901.53846153847,17518,B
43,G,F,1957-02-18,1.5542,46.26,2094.8940000000002,3760.2339181286548,3858,J
44,B,M,1991-07-06,1.905,79.83,6526.12,71121.62162162163,21052,B
45,D,M,1939-10-16,1.7842,74.15,7640.028,14333.742331288344,11682,R
46,A,M,1981-04-17,1.8542,92.9864,3577.009,7178.064516129032,5563,J
47,G,F,1957-02-18,1.5542,46.26,1487.68,8855.238095238095,4649,B
48,I,M,1999-03-12,1.778,72.57,3559.29,6467.027027027027,5982,W
49,B,M,1991-07-06,1.905,79.83,11828.375,37419.724770642206,16315,R
50,F,F,1984-05-21,1.698,54.4642,3436.8599999999997,25178.461538461535,8183,B
51,I,M,1999-03-12,1.778,72.57,13589.805,44494.73684210526,21135,J
52,F,F,1984-05-21,1.698,54.4642,14212.765,28572.966507177032,23887,W
53,D,M,1939-10-16,1.7842,74.15,5634.056,9265.807962529274,7913,J
54,D,M,1939-10-16,1.7842,74.15,460.59999999999997,671.4285714285713,658,W
55,D,M,1939-10-16,1.7842,74.15,12491.5,18209.183673469386,17845,W
56,A,M,1981-04-17,1.8542,92.9864,15120.812,38453.333333333336,20188,R
57,I,M,1999-03-12,1.778,72.57,16332.843,53475.789473684206,25401,J
58,I,M,1999-03-12,1.778,72.57,10496.99,19072.432432432433,17642,W
59,E,F,1986-12-03,1.625,52.1631,13699.619999999999,34705.42635658915,22385,J
60,E,F,1986-12-03,1.625,52.1631,7485.372,18962.790697674416,12231,J
61,E,F,1986-12-03,1.625,52.1631,764.4,5600,1820,B
62,F,F,1984-05-21,1.698,54.4642,2065.742,5806.315789473684,2758,R
63,H,F,1985-10-16,1.4478,70.76,5961.735000000001,7795.971074380165,15093,W
64,D,M,1939-10-16,1.7842,74.15,8360.1,45871.6049382716,18578,B
65,E,F,1986-12-03,1.625,52.1631,6322.679999999999,46320,15054,B
66,I,M,1999-03-12,1.778,72.57,13822.795,82022.22222222222,18455,R
67,F,F,1984-05-21,1.698,54.4642,1961.15,4728.682170542636,3050,J
68,C,M,1979-04-19,1.7542,145.15,16772.484,30065.65064478312,25646,R
69,D,M,1939-10-16,1.7842,74.15,17951.5,26168.367346938776,25645,W
70,C,M,1979-04-19,1.7542,145.15,2895.2580000000003,5189.917936694022,4427,R
71,F,F,1984-05-21,1.698,54.4642,5634.65,11327.751196172248,9470,W
72,H,F,1985-10-16,1.4478,70.76,3017.405,3945.7644628099174,7639,W
73,G,F,1957-02-18,1.5542,46.26,5203.2,30971.428571428572,16260,B
74,B,M,1991-07-06,1.905,79.83,13943.455,31749.633967789166,21685,J
75,F,F,1984-05-21,1.698,54.4642,7940.898,22320,10602,R
76,C,M,1979-04-19,1.7542,145.15,5697.648,10213.364595545136,8712,R
77,G,F,1957-02-18,1.5542,46.26,2123.55,3415.605095541401,4290,W
78,F,F,1984-05-21,1.698,54.4642,3680.04,26960,8762,B
79,D,M,1939-10-16,1.7842,74.15,15600.9,22741.836734693876,22287,W
80,F,F,1984-05-21,1.698,54.4642,3609.159,8702.325581395347,5613,J
81,D,M,1939-10-16,1.7842,74.15,13900.599999999999,20263.26530612245,19858,W
82,E,F,1986-12-03,1.625,52.1631,4394.68,12778.947368421052,6070,R
83,B,M,1991-07-06,1.905,79.83,4600.849999999999,14555.045871559632,6346,R
84,C,M,1979-04-19,1.7542,145.15,4240.35,17132.727272727272,9423,B
85,H,F,1985-10-16,1.4478,70.76,7347.816000000001,13727.179487179488,13384,R
86,H,F,1985-10-16,1.4478,70.76,7520.405000000001,9834.194214876034,19039,W
87,E,F,1986-12-03,1.625,52.1631,13651.02,39694.73684210527,18855,R
88,B,M,1991-07-06,1.905,79.83,14940.748,34020.497803806735,23236,J
89,B,M,1991-07-06,1.905,79.83,5752.15,18197.24770642202,7934,R
90,I,M,1999-03-12,1.778,72.57,17432.226,103440,23274,R
91,F,F,1984-05-21,1.698,54.4642,9381.37,22620.15503875969,14590,J
92,G,F,1957-02-18,1.5542,46.26,1011.791,2129.781420765027,1559,R
93,G,F,1957-02-18,1.5542,46.26,3394.56,20205.714285714286,10608,B
94,F,F,1984-05-21,1.698,54.4642,3484.74,25529.23076923077,8297,B
95,C,M,1979-04-19,1.7542,145.15,9885.864,17720.984759671748,15116,R
96,B,M,1991-07-06,1.905,79.83,2472.25,26942.56756756757,7975,B
97,I,M,1999-03-12,1.778,72.57,9566.977,56768.88888888889,12773,R
98,C,M,1979-04-19,1.7542,145.15,8510.85,34387.27272727273,18913,B
99,E,F,1986-12-03,1.625,52.1631,3744.6179999999995,7844.497607655502,6558,W
100,G,F,1957-02-18,1.5542,46.26,10739.025,17273.089171974523,21695,W
101,E,F,1986-12-03,1.625,52.1631,15675.323999999999,45581.05263157895,21651,R
102,B,M,1991-07-06,1.905,79.83,6145.335,11375.510204081631,8361,W
103,F,F,1984-05-21,1.698,54.4642,5896.45,11854.066985645932,9910,W
104,G,F,1957-02-18,1.5542,46.26,9124.572,16378.167641325535,16804,J
105,B,M,1991-07-06,1.905,79.83,7697.353,17527.086383601756,11971,J
106,F,F,1984-05-21,1.698,54.4642,13532.932,38037.89473684211,18068,R
107,A,M,1981-04-17,1.8542,92.9864,2676.9049999999997,4389.2682926829275,4499,W
108,F,F,1984-05-21,1.698,54.4642,1683.003,4730.526315789474,2247,R
109,A,M,1981-04-17,1.8542,92.9864,464.45,4083.0769230769233,1327,B
110,H,F,1985-10-16,1.4478,70.76,3048.61,3986.5702479338843,7718,W
111,E,F,1986-12-03,1.625,52.1631,1112.1599999999999,8147.6923076923085,2648,B
112,A,M,1981-04-17,1.8542,92.9864,5276.4580000000005,10588.387096774193,8206,J
113,D,M,1939-10-16,1.7842,74.15,10113.248,16632.31850117096,14204,J
114,F,F,1984-05-21,1.698,54.4642,19184.137,53922.10526315789,25613,R
115,B,M,1991-07-06,1.905,79.83,6866.19,74827.7027027027,22149,B
116,G,F,1957-02-18,1.5542,46.26,3396.16,20215.238095238095,10613,B
117,D,M,1939-10-16,1.7842,74.15,6978.299999999999,10172.448979591836,9969,W
118,D,M,1939-10-16,1.7842,74.15,682.5,994.8979591836735,975,W
119,I,M,1999-03-12,1.778,72.57,3984.7149999999997,7240,6697,W
120,D,M,1939-10-16,1.7842,74.15,15621.279999999999,25690.86651053864,21940,J
121,E,F,1986-12-03,1.625,52.1631,13408.307999999999,33967.441860465115,21909,J
122,B,M,1991-07-06,1.905,79.83,15614.612000000001,35554.90483162518,24284,J
123,I,M,1999-03-12,1.778,72.57,8818.599999999999,84550.3355704698,25196,B
124,A,M,1981-04-17,1.8542,92.9864,6289.15,55289.23076923077,17969,B
125,I,M,1999-03-12,1.778,72.57,9417.926,55884.444444444445,12574,R
126,F,F,1984-05-21,1.698,54.4642,5012.185,12085.271317829458,7795,J
127,B,M,1991-07-06,1.905,79.83,3703.2999999999997,11715.59633027523,5108,R
128,H,F,1985-10-16,1.4478,70.76,8956.22,37710.4,23569,B
129,A,M,1981-04-17,1.8542,92.9864,11850.019999999999,19430.243902439022,19916,W
130,D,M,1939-10-16,1.7842,74.15,14685,24151.053864168618,20625,J
131,A,M,1981-04-17,1.8542,92.9864,4969.747,9972.90322580645,7729,J
132,I,M,1999-03-12,1.778,72.57,15445.878,91653.33333333334,20622,R
133,E,F,1986-12-03,1.625,52.1631,4126.076,11997.894736842107,5699,R
134,I,M,1999-03-12,1.778,72.57,12508.3,74222.22222222223,16700,R
135,H,F,1985-10-16,1.4478,70.76,4254.1,17912,11195,B
136,G,F,1957-02-18,1.5542,46.26,36.160000000000004,215.23809523809524,113,B
137,B,M,1991-07-06,1.905,79.83,7544.775,13965.986394557824,10265,W
138,G,F,1957-02-18,1.5542,46.26,6466.56,38491.42857142857,20208,B
139,G,F,1957-02-18,1.5542,46.26,9234.621000000001,19438.524590163932,14229,R
140,B,M,1991-07-06,1.905,79.83,7635.915,14134.69387755102,10389,W
141,G,F,1957-02-18,1.5542,46.26,10673.751,19158.869395711503,19657,J
142,I,M,1999-03-12,1.778,72.57,2382.975,4329.729729729729,4005,W
143,G,F,1957-02-18,1.5542,46.26,6888.32,41001.90476190476,21526,B
144,F,F,1984-05-21,1.698,54.4642,13689.76,27521.53110047847,23008,W
145,H,F,1985-10-16,1.4478,70.76,12159.252,22715.897435897434,22148,R
146,E,F,1986-12-03,1.625,52.1631,9015.518999999998,18886.363636363636,15789,W
147,B,M,1991-07-06,1.905,79.83,9414.806,21437.774524158125,14642,J
148,I,M,1999-03-12,1.778,72.57,2419.27,14355.555555555557,3230,R
149,F,F,1984-05-21,1.698,54.4642,11936.89,23997.607655502394,20062,W
150,B,M,1991-07-06,1.905,79.83,5492.58,59858.10810810811,17718,B
151,H,F,1985-10-16,1.4478,70.76,8684.075,11355.888429752065,21985,W
152,C,M,1979-04-19,1.7542,145.15,8361.390000000001,14988.276670574443,12785,R
153,F,F,1984-05-21,1.698,54.4642,8039.766,22597.894736842103,10734,R
154,E,F,1986-12-03,1.625,52.1631,896.312,2606.315789473684,1238,R
155,D,M,1939-10-16,1.7842,74.15,8466.5,12341.836734693878,12095,W
156,C,M,1979-04-19,1.7542,145.15,8091.2880000000005,14504.103165298944,12372,R
157,H,F,1985-10-16,1.4478,70.76,10098.57,13205.578512396694,25566,W
158,C,M,1979-04-19,1.7542,145.15,16524.899999999998,21757.603686635946,23607,W
159,G,F,1957-02-18,1.5542,46.26,9676.26,17368.42105263158,17820,J
160,C,M,1979-04-19,1.7542,145.15,15191.4,20001.84331797235,21702,W
161,A,M,1981-04-17,1.8542,92.9864,1680.159,3371.6129032258063,2613,J
162,F,F,1984-05-21,1.698,54.4642,4183.914,11760,5586,R
163,G,F,1957-02-18,1.5542,46.26,3584.64,21337.14285714286,11202,B
164,G,F,1957-02-18,1.5542,46.26,13648.848000000002,24499.025341130604,25136,J
165,G,F,1957-02-18,1.5542,46.26,8494.695,13663.216560509554,17161,W
166,H,F,1985-10-16,1.4478,70.76,5154.305,7530.74433656958,11635,J
167,E,F,1986-12-03,1.625,52.1631,5634.072,14272.868217054263,9206,J
168,D,M,1939-10-16,1.7842,74.15,12252.036,22986.503067484664,18734,R
169,D,M,1939-10-16,1.7842,74.15,16565.82,31079.754601226996,25330,R
170,G,F,1957-02-18,1.5542,46.26,3207.501,5757.309941520468,5907,J
171,I,M,1999-03-12,1.778,72.57,3528,33825.5033557047,10080,B
172,I,M,1999-03-12,1.778,72.57,4771.9,8670.27027027027,8020,W
173,H,F,1985-10-16,1.4478,70.76,5093.622,9515.897435897436,9278,R
174,H,F,1985-10-16,1.4478,70.76,1283.371,1875.0809061488674,2897,J
175,C,M,1979-04-19,1.7542,145.15,10796.099999999999,14214.746543778801,15423,W
176,A,M,1981-04-17,1.8542,92.9864,7660.772,19481.904761904763,10228,R
177,F,F,1984-05-21,1.698,54.4642,803.4599999999999,5886.153846153846,1913,B
178,D,M,1939-10-16,1.7842,74.15,11252.7,61743.20987654321,25006,B
179,G,F,1957-02-18,1.5542,46.26,2731.52,16259.047619047617,8536,B
180,F,F,1984-05-21,1.698,54.4642,10.08,73.84615384615385,24,B
181,I,M,1999-03-12,1.778,72.57,11524.863,68386.66666666667,15387,R
182,F,F,1984-05-21,1.698,54.4642,262.344,632.5581395348837,408,J
183,G,F,1957-02-18,1.5542,46.26,6208.64,36956.19047619048,19402,B
184,C,M,1979-04-19,1.7542,145.15,1906.65,7703.636363636364,4237,B
185,D,M,1939-10-16,1.7842,74.15,8272.35,45390.12345679012,18383,B
186,H,F,1985-10-16,1.4478,70.76,10000.282,14611.003236245955,22574,J
187,A,M,1981-04-17,1.8542,92.9864,17574.536,44693.333333333336,23464,R
188,A,M,1981-04-17,1.8542,92.9864,7974.4,70104.61538461539,22784,B
189,F,F,1984-05-21,1.698,54.4642,1462.797,4111.578947368421,1953,R
190,C,M,1979-04-19,1.7542,145.15,16234.312,23627.9792746114,22801,J
191,A,M,1981-04-17,1.8542,92.9864,7966.127,15985.806451612903,12389,J
192,F,F,1984-05-21,1.698,54.4642,13549.939,32671.317829457366,21073,J
193,G,F,1957-02-18,1.5542,46.26,500.445,804.9363057324841,1011,W
194,D,M,1939-10-16,1.7842,74.15,2721.9759999999997,4476.580796252928,3823,J
195,H,F,1985-10-16,1.4478,70.76,1707.939,3190.769230769231,3111,R
196,C,M,1979-04-19,1.7542,145.15,12807.199999999999,16862.67281105991,18296,W
197,G,F,1957-02-18,1.5542,46.26,4736.96,28196.190476190477,14803,B
198,G,F,1957-02-18,1.5542,46.26,8653.766,18215.846994535517,13334,R
199,B,M,1991-07-06,1.905,79.83,9072.087,20657.39385065886,14109,J
200,A,M,1981-04-17,1.8542,92.9864,5106.885,8373.658536585366,8583,W
201,F,F,1984-05-21,1.698,54.4642,3432.3340000000003,8275.968992248063,5338,J
202,F,F,1984-05-21,1.698,54.4642,7261.974999999999,14599.282296650717,12205,W
203,E,F,1986-12-03,1.625,52.1631,2616.536,7608.421052631579,3614,R
204,H,F,1985-10-16,1.4478,70.76,6280.64,26444.8,16528,B
205,D,M,1939-10-16,1.7842,74.15,14041.351999999999,23092.505854800937,19721,J
206,H,F,1985-10-16,1.4478,70.76,3991.0800000000004,5219.008264462809,10104,W
207,F,F,1984-05-21,1.698,54.4642,8643.849,20841.86046511628,13443,J
208,E,F,1986-12-03,1.625,52.1631,3311.532,8389.147286821706,5411,J
209,G,F,1957-02-18,1.5542,46.26,12398.265,19941.878980891717,25047,W
210,F,F,1984-05-21,1.698,54.4642,10250.52,75095.38461538462,24406,B
211,G,F,1957-02-18,1.5542,46.26,549.945,884.5541401273886,1111,W
212,G,F,1957-02-18,1.5542,46.26,2625.405,4712.475633528265,4835,J
213,D,M,1939-10-16,1.7842,74.15,2016.45,11064.197530864198,4481,B
214,G,F,1957-02-18,1.5542,46.26,7395.84,44022.857142857145,23112,B
215,A,M,1981-04-17,1.8542,92.9864,14885.115,24406.829268292684,25017,W
216,D,M,1939-10-16,1.7842,74.15,9520,13877.551020408162,13600,W
217,F,F,1984-05-21,1.698,54.4642,935.3399999999999,6852.307692307692,2227,B
218,A,M,1981-04-17,1.8542,92.9864,12583.06,20632.19512195122,21148,W
219,F,F,1984-05-21,1.698,54.4642,8987.211,21669.767441860466,13977,J
220,C,M,1979-04-19,1.7542,145.15,2938.6,3869.1244239631337,4198,W
221,I,M,1999-03-12,1.778,72.57,13491.737,80057.77777777777,18013,R
222,A,M,1981-04-17,1.8542,92.9864,6818.7,11180.487804878048,11460,W
223,C,M,1979-04-19,1.7542,145.15,11823.666000000001,21194.607268464242,18079,R
224,C,M,1979-04-19,1.7542,145.15,7131.150000000001,28812.727272727272,15847,B
225,A,M,1981-04-17,1.8542,92.9864,7394.5,14838.709677419354,11500,J
226,I,M,1999-03-12,1.778,72.57,7560.406,44862.22222222222,10094,R
227,A,M,1981-04-17,1.8542,92.9864,4494.57,9019.354838709678,6990,J
228,E,F,1986-12-03,1.625,52.1631,681.66,4993.846153846154,1623,B
229,B,M,1991-07-06,1.905,79.83,11189.64,20712.925170068025,15224,W
230,G,F,1957-02-18,1.5542,46.26,11950.289999999999,19221.337579617833,24142,W
231,B,M,1991-07-06,1.905,79.83,3815.17,41577.7027027027,12307,B
232,D,M,1939-10-16,1.7842,74.15,14004.9,20415.30612244898,20007,W
233,D,M,1939-10-16,1.7842,74.15,15786.4,23012.244897959186,22552,W
234,H,F,1985-10-16,1.4478,70.76,9667.341,18060.51282051282,17609,R
235,H,F,1985-10-16,1.4478,70.76,4698.92,6144.628099173554,11896,W
236,G,F,1957-02-18,1.5542,46.26,5934.447,10652.046783625732,10929,J
237,H,F,1985-10-16,1.4478,70.76,7262.099,10610.355987055016,16393,J
238,E,F,1986-12-03,1.625,52.1631,5896.008,14936.434108527132,9634,J
239,B,M,1991-07-06,1.905,79.83,11685.765,21631.2925170068,15899,W
240,E,F,1986-12-03,1.625,52.1631,7211.196,18268.217054263565,11783,J
241,E,F,1986-12-03,1.625,52.1631,12548.866999999998,26288.27751196172,21977,W
242,C,M,1979-04-19,1.7542,145.15,2086,2746.5437788018435,2980,W
243,G,F,1957-02-18,1.5542,46.26,11360.096,23912.56830601093,17504,R
244,I,M,1999-03-12,1.778,72.57,5305.299999999999,50865.77181208054,15158,B
245,F,F,1984-05-21,1.698,54.4642,4256.035,8556.22009569378,7153,W
246,B,M,1991-07-06,1.905,79.83,10115.07,18723.809523809527,13762,W
247,H,F,1985-10-16,1.4478,70.76,6704.34,28228.8,17643,B
248,A,M,1981-04-17,1.8542,92.9864,7600.103,19327.61904761905,10147,R
249,D,M,1939-10-16,1.7842,74.15,4704,6857.142857142857,6720,W
250,E,F,1986-12-03,1.625,52.1631,10411.344,26375.19379844961,17012,J
251,H,F,1985-10-16,1.4478,70.76,2758.118,4029.7734627831715,6226,J
252,D,M,1939-10-16,1.7842,74.15,5386.9980000000005,10106.748466257668,8237,R
253,D,M,1939-10-16,1.7842,74.15,8181.599999999999,11926.530612244898,11688,W
254,E,F,1986-12-03,1.625,52.1631,11333.207999999999,23741.626794258373,19848,W
255,E,F,1986-12-03,1.625,52.1631,4513.5,11434.108527131784,7375,J
256,C,M,1979-04-19,1.7542,145.15,6858.900000000001,27712.727272727272,15242,B
257,A,M,1981-04-17,1.8542,92.9864,15489.227,31082.58064516129,24089,J
258,G,F,1957-02-18,1.5542,46.26,5125.12,30506.666666666668,16016,B
259,B,M,1991-07-06,1.905,79.83,1833.825,3394.5578231292516,2495,W
260,D,M,1939-10-16,1.7842,74.15,4077.9,22375.30864197531,9062,B
261,E,F,1986-12-03,1.625,52.1631,5646.619,11828.947368421053,9889,W
262,F,F,1984-05-21,1.698,54.4642,9129.119999999999,66880,21736,B
263,F,F,1984-05-21,1.698,54.4642,15170.119999999999,30497.607655502394,25496,W
264,A,M,1981-04-17,1.8542,92.9864,1656.368,3323.870967741935,2576,J
265,G,F,1957-02-18,1.5542,46.26,8632.305,13884.554140127388,17439,W
266,D,M,1939-10-16,1.7842,74.15,14657.232,24105.386416861827,20586,J
267,E,F,1986-12-03,1.625,52.1631,7750.259999999999,56778.46153846153,18453,B
268,G,F,1957-02-18,1.5542,46.26,12308.181,22092.59259259259,22667,J
269,G,F,1957-02-18,1.5542,46.26,4921.28,29293.333333333332,15379,B
270,A,M,1981-04-17,1.8542,92.9864,8081.884999999999,13251.707317073171,13583,W
271,C,M,1979-04-19,1.7542,145.15,8802,35563.63636363636,19560,B
272,G,F,1957-02-18,1.5542,46.26,11978.593,25214.48087431694,18457,R
273,B,M,1991-07-06,1.905,79.83,6884.601000000001,15676.427525622255,10707,J
274,A,M,1981-04-17,1.8542,92.9864,15280.789999999999,25055.60975609756,25682,W
275,D,M,1939-10-16,1.7842,74.15,648.632,1066.7447306791569,911,J
276,E,F,1986-12-03,1.625,52.1631,10876.979,22785.885167464116,19049,W
277,G,F,1957-02-18,1.5542,46.26,6567.68,39093.333333333336,20524,B
278,G,F,1957-02-18,1.5542,46.26,6939.84,41308.57142857143,21687,B
279,H,F,1985-10-16,1.4478,70.76,4185.8150000000005,5473.657024793388,10597,W
280,F,F,1984-05-21,1.698,54.4642,13780.851,38734.73684210527,18399,R
281,C,M,1979-04-19,1.7542,145.15,11218.199999999999,14770.506912442397,16026,W
282,E,F,1986-12-03,1.625,52.1631,116.28,294.57364341085275,190,J
283,G,F,1957-02-18,1.5542,46.26,6.435,10.350318471337578,13,W
284,A,M,1981-04-17,1.8542,92.9864,592.025,970.7317073170732,995,W
285,G,F,1957-02-18,1.5542,46.26,6767.1449999999995,10884.554140127388,13671,W
286,F,F,1984-05-21,1.698,54.4642,13936.685,28017.94258373206,23423,W
287,I,M,1999-03-12,1.778,72.57,4533.549999999999,43466.44295302014,12953,B
288,G,F,1957-02-18,1.5542,46.26,6962.3460000000005,12497.076023391814,12822,J
289,C,M,1979-04-19,1.7542,145.15,10261.344,14934.715025906735,14412,J
290,D,M,1939-10-16,1.7842,74.15,7640.682000000001,14334.969325153374,11683,R
291,A,M,1981-04-17,1.8542,92.9864,3482.85,30618.46153846154,9951,B
292,E,F,1986-12-03,1.625,52.1631,6288.912,15931.782945736433,10276,J
293,G,F,1957-02-18,1.5542,46.26,7949.12,47316.19047619048,24841,B
294,I,M,1999-03-12,1.778,72.57,10448.107,34208.42105263158,16249,J
295,D,M,1939-10-16,1.7842,74.15,8174.25,44851.851851851854,18165,B
296,C,M,1979-04-19,1.7542,145.15,14576.063999999998,21214.507772020723,20472,J
297,F,F,1984-05-21,1.698,54.4642,134.4,984.6153846153846,320,B
298,A,M,1981-04-17,1.8542,92.9864,10850.625,21774.193548387095,16875,J
299,F,F,1984-05-21,1.698,54.4642,1688.246,4745.263157894737,2254,R
300,D,M,1939-10-16,1.7842,74.15,3211.6,4681.632653061224,4588,W
301,H,F,1985-10-16,1.4478,70.76,1415.5,5960,3725,B
302,H,F,1985-10-16,1.4478,70.76,9565.715,12508.780991735537,24217,W
303,H,F,1985-10-16,1.4478,70.76,9356.603000000001,13670.550161812298,21121,J
304,D,M,1939-10-16,1.7842,74.15,7956.45,43656.79012345678,17681,B
305,E,F,1986-12-03,1.625,52.1631,6699.42,49080,15951,B
306,B,M,1991-07-06,1.905,79.83,11178.615,20692.517006802722,15209,W
307,B,M,1991-07-06,1.905,79.83,7008.7,15959.00439238653,10900,J
308,C,M,1979-04-19,1.7542,145.15,3259.2,4291.244239631337,4656,W
309,D,M,1939-10-16,1.7842,74.15,924.7560000000001,1734.9693251533743,1414,R
310,A,M,1981-04-17,1.8542,92.9864,3453.7999999999997,30363.076923076926,9868,B
311,A,M,1981-04-17,1.8542,92.9864,8927.38,14638.048780487805,15004,W
312,D,M,1939-10-16,1.7842,74.15,3950.7999999999997,5759.183673469388,5644,W
313,B,M,1991-07-06,1.905,79.83,7001.61,12960.544217687075,9526,W
314,G,F,1957-02-18,1.5542,46.26,990.99,1593.9490445859872,2002,W
315,H,F,1985-10-16,1.4478,70.76,3539.127,5170.873786407767,7989,J
316,B,M,1991-07-06,1.905,79.83,279.705,636.8960468521229,435,J
317,B,M,1991-07-06,1.905,79.83,12951.949,29491.94729136164,20143,J
318,A,M,1981-04-17,1.8542,92.9864,1025.85,9018.461538461539,2931,B
319,D,M,1939-10-16,1.7842,74.15,6772.544,11138.173302107729,9512,J
320,G,F,1957-02-18,1.5542,46.26,4732.16,28167.61904761905,14788,B
321,F,F,1984-05-21,1.698,54.4642,3443.908,8303.875968992248,5356,J
322,B,M,1991-07-06,1.905,79.83,15471.75,28639.455782312925,21050,W
323,G,F,1957-02-18,1.5542,46.26,7057.875,14856.55737704918,10875,R
324,G,F,1957-02-18,1.5542,46.26,517.44,3080,1617,B
325,G,F,1957-02-18,1.5542,46.26,1998.2400000000002,3586.744639376218,3680,J
326,B,M,1991-07-06,1.905,79.83,2958.33,32239.864864864863,9543,B
327,G,F,1957-02-18,1.5542,46.26,2634.636,4729.0448343079925,4852,J
328,F,F,1984-05-21,1.698,54.4642,8042.58,58920,19149,B
329,E,F,1986-12-03,1.625,52.1631,5877.9,43061.53846153846,13995,B
330,F,F,1984-05-21,1.698,54.4642,10820.803,30414.736842105263,14447,R
331,C,M,1979-04-19,1.7542,145.15,4843.8,19570.909090909092,10764,B
332,A,M,1981-04-17,1.8542,92.9864,8352.015,13694.634146341465,14037,W
333,I,M,1999-03-12,1.778,72.57,17325.868,102808.88888888889,23132,R
334,A,M,1981-04-17,1.8542,92.9864,716.0999999999999,6295.384615384615,2046,B
335,F,F,1984-05-21,1.698,54.4642,14180.068,39856.84210526315,18932,R
336,H,F,1985-10-16,1.4478,70.76,5102.474,7455.016181229773,11518,J
337,H,F,1985-10-16,1.4478,70.76,3151.059,4603.883495145631,7113,J
338,G,F,1957-02-18,1.5542,46.26,2695.275,4335.1910828025475,5445,W
339,A,M,1981-04-17,1.8542,92.9864,6466.117,16443.809523809523,8633,R
340,B,M,1991-07-06,1.905,79.83,2223.375,4115.646258503401,3025,W
341,C,M,1979-04-19,1.7542,145.15,616.0500000000001,2489.0909090909095,1369,B
342,F,F,1984-05-21,1.698,54.4642,11210.062,27029.457364341084,17434,J
343,A,M,1981-04-17,1.8542,92.9864,7961.099999999999,13053.658536585364,13380,W
344,F,F,1984-05-21,1.698,54.4642,3543.54,25960,8437,B
345,D,M,1939-10-16,1.7842,74.15,18037.808,29665.10538641686,25334,J
346,I,M,1999-03-12,1.778,72.57,5180,49664.42953020134,14800,B
347,B,M,1991-07-06,1.905,79.83,15279.914999999999,28284.353741496598,20789,W
348,H,F,1985-10-16,1.4478,70.76,8876.42,37374.4,23359,B
349,H,F,1985-10-16,1.4478,70.76,268.015,391.5857605177994,605,J
350,H,F,1985-10-16,1.4478,70.76,7289.622,13618.461538461539,13278,R
351,H,F,1985-10-16,1.4478,70.76,2202.52,2880.1652892561983,5576,W
352,E,F,1986-12-03,1.625,52.1631,3977.656,11566.315789473683,5494,R
353,A,M,1981-04-17,1.8542,92.9864,7920.849999999999,69633.84615384616,22631,B
354,A,M,1981-04-17,1.8542,92.9864,12148.842,24379.354838709678,18894,J
355,E,F,1986-12-03,1.625,52.1631,10194.696,25826.356589147286,16658,J
356,E,F,1986-12-03,1.625,52.1631,954.141,1998.8038277511962,1671,W
357,D,M,1939-10-16,1.7842,74.15,506.196,949.6932515337423,774,R
358,B,M,1991-07-06,1.905,79.83,7140.54,77817.56756756756,23034,B
359,G,F,1957-02-18,1.5542,46.26,1665.18,2678.3439490445858,3364,W
360,B,M,1991-07-06,1.905,79.83,5103.491,11620.790629575404,7937,J
361,B,M,1991-07-06,1.905,79.83,14610.925,46222.477064220184,20153,R
362,E,F,1986-12-03,1.625,52.1631,1701.4199999999998,12464.615384615385,4051,B
363,B,M,1991-07-06,1.905,79.83,11862.707,27011.713030746705,18449,J
364,E,F,1986-12-03,1.625,52.1631,5082,37230.769230769234,12100,B
365,I,M,1999-03-12,1.778,72.57,7848.4580000000005,25696.84210526316,12206,J
366,C,M,1979-04-19,1.7542,145.15,13410.519999999999,19518.134715025906,18835,J
367,F,F,1984-05-21,1.698,54.4642,14294.279999999999,28736.842105263157,24024,W
368,F,F,1984-05-21,1.698,54.4642,1865.343,4497.674418604652,2901,J
369,C,M,1979-04-19,1.7542,145.15,2527.71,4531.066822977726,3865,R
370,D,M,1939-10-16,1.7842,74.15,8334,45728.39506172839,18520,B
371,D,M,1939-10-16,1.7842,74.15,4903.0380000000005,9198.773006134968,7497,R
372,H,F,1985-10-16,1.4478,70.76,819.66,3451.2,2157,B
373,E,F,1986-12-03,1.625,52.1631,3272.401,6855.263157894738,5731,W
374,A,M,1981-04-17,1.8542,92.9864,8416.87,16890.322580645163,13090,J
375,G,F,1957-02-18,1.5542,46.26,5488.644,9851.85185185185,10108,J
376,F,F,1984-05-21,1.698,54.4642,5116.994,12337.98449612403,7958,J
377,A,M,1981-04-17,1.8542,92.9864,135.1,1187.6923076923076,386,B
378,A,M,1981-04-17,1.8542,92.9864,12718.72,20854.634146341465,21376,W
379,B,M,1991-07-06,1.905,79.83,9042.199999999999,28605.504587155963,12472,R
380,F,F,1984-05-21,1.698,54.4642,1490.51,4189.473684210526,1990,R
381,A,M,1981-04-17,1.8542,92.9864,1356.6,2224.390243902439,2280,W
382,D,M,1939-10-16,1.7842,74.15,5929.2,32533.333333333332,13176,B
383,G,F,1957-02-18,1.5542,46.26,4496.921,9465.84699453552,6929,R
384,I,M,1999-03-12,1.778,72.57,12361.72,22460.540540540544,20776,W
385,D,M,1939-10-16,1.7842,74.15,4096.002,7684.662576687117,6263,R
386,B,M,1991-07-06,1.905,79.83,18497.01,34239.45578231292,25166,W
387,A,M,1981-04-17,1.8542,92.9864,13341.188,33927.619047619046,17812,R
388,F,F,1984-05-21,1.698,54.4642,9989.005000000001,24085.271317829454,15535,J
389,A,M,1981-04-17,1.8542,92.9864,6180.86,10134.634146341463,10388,W
390,H,F,1985-10-16,1.4478,70.76,9717,12706.611570247935,24600,W
391,D,M,1939-10-16,1.7842,74.15,4976.9400000000005,9337.423312883437,7610,R
392,D,M,1939-10-16,1.7842,74.15,7363.386,13814.72392638037,11259,R
393,D,M,1939-10-16,1.7842,74.15,629.1,3451.8518518518517,1398,B
394,I,M,1999-03-12,1.778,72.57,2038.05,19540.268456375838,5823,B
395,B,M,1991-07-06,1.905,79.83,13838.8,43779.81651376147,19088,R
396,D,M,1939-10-16,1.7842,74.15,12793.928,21040.983606557376,17969,J
397,C,M,1979-04-19,1.7542,145.15,9739.368,17458.382180539273,14892,R
398,C,M,1979-04-19,1.7542,145.15,8892.9,35930.90909090909,19762,B
399,F,F,1984-05-21,1.698,54.4642,9840.362,27658.947368421053,13138,R
400,A,M,1981-04-17,1.8542,92.9864,5575.5,49015.38461538462,15930,B
401,I,M,1999-03-12,1.778,72.57,17006.045,100911.11111111111,22705,R
402,G,F,1957-02-18,1.5542,46.26,10575.675,17010.350318471337,21365,W
403,G,F,1957-02-18,1.5542,46.26,11455.785,18425.95541401274,23143,W
404,G,F,1957-02-18,1.5542,46.26,7872.64,46860.95238095238,24602,B
405,A,M,1981-04-17,1.8542,92.9864,69.444,139.3548387096774,108,J
406,D,M,1939-10-16,1.7842,74.15,10408.95,57113.58024691358,23131,B
407,F,F,1984-05-21,1.698,54.4642,12869.002,31029.457364341084,20014,J
408,A,M,1981-04-17,1.8542,92.9864,964.712,2453.333333333333,1288,R
409,A,M,1981-04-17,1.8542,92.9864,3103.107,7891.428571428572,4143,R
410,F,F,1984-05-21,1.698,54.4642,11556.09,23232.05741626794,19422,W
411,A,M,1981-04-17,1.8542,92.9864,3033.674,6087.741935483871,4718,J
412,D,M,1939-10-16,1.7842,74.15,10490.9,15292.857142857143,14987,W
413,E,F,1986-12-03,1.625,52.1631,7915.492,23016.84210526316,10933,R
414,F,F,1984-05-21,1.698,54.4642,26.04,190.76923076923077,62,B
415,F,F,1984-05-21,1.698,54.4642,3677.6949999999997,7393.540669856459,6181,W
416,C,M,1979-04-19,1.7542,145.15,9618.699999999999,12664.516129032258,13741,W
417,B,M,1991-07-06,1.905,79.83,7072.17,13091.156462585033,9622,W
418,B,M,1991-07-06,1.905,79.83,11590.075,26390.9224011713,18025,J
419,F,F,1984-05-21,1.698,54.4642,14016.037,39395.78947368421,18713,R
420,E,F,1986-12-03,1.625,52.1631,7556.976,19144.186046511626,12348,J
421,F,F,1984-05-21,1.698,54.4642,1599.36,3215.311004784689,2688,W
422,C,M,1979-04-19,1.7542,145.15,11119.95,44929.09090909091,24711,B
423,E,F,1986-12-03,1.625,52.1631,9637.909,20190.191387559807,16879,W
424,G,F,1957-02-18,1.5542,46.26,12392.006000000001,26084.69945355191,19094,R
425,A,M,1981-04-17,1.8542,92.9864,3732.0499999999997,32809.23076923077,10663,B
426,A,M,1981-04-17,1.8542,92.9864,14018.686,28131.612903225807,21802,J
427,A,M,1981-04-17,1.8542,92.9864,10551.630000000001,21174.1935483871,16410,J
428,C,M,1979-04-19,1.7542,145.15,10243.8,13487.557603686635,14634,W
429,B,M,1991-07-06,1.905,79.83,364.87,3976.3513513513512,1177,B
430,G,F,1957-02-18,1.5542,46.26,5127.1,10792.349726775956,7900,R
431,B,M,1991-07-06,1.905,79.83,1063.3,11587.837837837838,3430,B
432,H,F,1985-10-16,1.4478,70.76,1838.0520000000001,3433.846153846154,3348,R
433,F,F,1984-05-21,1.698,54.4642,14560.56,40926.31578947369,19440,R
434,B,M,1991-07-06,1.905,79.83,1613.125,5103.211009174312,2225,R
435,F,F,1984-05-21,1.698,54.4642,12480.125,25089.712918660287,20975,W
436,C,M,1979-04-19,1.7542,145.15,7095.9,9342.857142857143,10137,W
437,C,M,1979-04-19,1.7542,145.15,11129.271999999999,16197.927461139898,15631,J
438,I,M,1999-03-12,1.778,72.57,5884.144,34915.555555555555,7856,R
439,C,M,1979-04-19,1.7542,145.15,3865.05,15616.363636363638,8589,B
440,E,F,1986-12-03,1.625,52.1631,14232.392,41385.26315789473,19658,R
441,E,F,1986-12-03,1.625,52.1631,7091.7,51953.84615384615,16885,B
442,H,F,1985-10-16,1.4478,70.76,7789.761,14552.820512820514,14189,R
443,A,M,1981-04-17,1.8542,92.9864,1492.3999999999999,13120,4264,B
444,A,M,1981-04-17,1.8542,92.9864,4126.5,36276.92307692308,11790,B
445,I,M,1999-03-12,1.778,72.57,10757.6,19545.945945945947,18080,W
446,F,F,1984-05-21,1.698,54.4642,2780.8199999999997,20372.30769230769,6621,B
447,D,M,1939-10-16,1.7842,74.15,13512.8,19697.95918367347,19304,W
448,D,M,1939-10-16,1.7842,74.15,6276.28,10322.014051522248,8815,J
449,G,F,1957-02-18,1.5542,46.26,3080.96,18339.04761904762,9628,B
450,B,M,1991-07-06,1.905,79.83,9333.145,21251.83016105417,14515,J
451,E,F,1986-12-03,1.625,52.1631,3448.008,8734.883720930233,5634,J
452,D,M,1939-10-16,1.7842,74.15,14685.999999999998,21408.16326530612,20980,W
453,C,M,1979-04-19,1.7542,145.15,15479.591999999999,22529.533678756477,21741,J
454,F,F,1984-05-21,1.698,54.4642,5594.82,40987.692307692305,13321,B
455,I,M,1999-03-12,1.778,72.57,740.0930000000001,2423.157894736842,1151,J
456,H,F,1985-10-16,1.4478,70.76,8594.84,36188.8,22618,B
457,H,F,1985-10-16,1.4478,70.76,4573.705,5980.888429752066,11579,W
458,D,M,1939-10-16,1.7842,74.15,8638.696,14207.259953161592,12133,J
459,F,F,1984-05-21,1.698,54.4642,2002.077,5627.368421052632,2673,R
460,F,F,1984-05-21,1.698,54.4642,2239.58,4502.392344497608,3764,W
461,G,F,1957-02-18,1.5542,46.26,7174.046,15101.092896174863,11054,R
462,D,M,1939-10-16,1.7842,74.15,6195.112,10188.524590163935,8701,J
463,A,M,1981-04-17,1.8542,92.9864,2365.72,3879.0243902439024,3976,W
464,D,M,1939-10-16,1.7842,74.15,6225.799999999999,9075.510204081633,8894,W
465,F,F,1984-05-21,1.698,54.4642,11235.749,31581.05263157895,15001,R
466,G,F,1957-02-18,1.5542,46.26,9681.69,17378.167641325537,17830,J
467,I,M,1999-03-12,1.778,72.57,6596.764999999999,11985.945945945947,11087,W
468,G,F,1957-02-18,1.5542,46.26,3716.16,22120,11613,B
469,E,F,1986-12-03,1.625,52.1631,6325.0199999999995,16023.255813953487,10335,J
470,H,F,1985-10-16,1.4478,70.76,7150.29,9350.20661157025,18102,W
471,I,M,1999-03-12,1.778,72.57,15039.77,49242.10526315789,23390,J
472,B,M,1991-07-06,1.905,79.83,9348.875,29575.688073394496,12895,R
473,H,F,1985-10-16,1.4478,70.76,2403.12,10118.4,6324,B
474,G,F,1957-02-18,1.5542,46.26,3892.48,23169.52380952381,12164,B
475,A,M,1981-04-17,1.8542,92.9864,13613.075,34619.04761904762,18175,R
476,I,M,1999-03-12,1.778,72.57,8311.653,49320,11097,R
477,G,F,1957-02-18,1.5542,46.26,14900.391,31364.754098360656,22959,R
478,E,F,1986-12-03,1.625,52.1631,8069.88,59120,19214,B
479,B,M,1991-07-06,1.905,79.83,5742,18165.137614678897,7920,R
480,A,M,1981-04-17,1.8542,92.9864,15280.789999999999,25055.60975609756,25682,W
481,I,M,1999-03-12,1.778,72.57,11026.164,36101.05263157895,17148,J
482,F,F,1984-05-21,1.698,54.4642,10948.882,30774.736842105263,14618,R
483,D,M,1939-10-16,1.7842,74.15,894.6,4908.641975308642,1988,B
484,C,M,1979-04-19,1.7542,145.15,17670.8,23266.35944700461,25244,W
485,C,M,1979-04-19,1.7542,145.15,10579.104000000001,18963.65767878077,16176,R
486,D,M,1939-10-16,1.7842,74.15,14682.499999999998,21403.061224489797,20975,W
487,G,F,1957-02-18,1.5542,46.26,11628.133,24476.775956284153,17917,R
488,H,F,1985-10-16,1.4478,70.76,1286.915,1880.2588996763754,2905,J
489,H,F,1985-10-16,1.4478,70.76,568.1,2392,1495,B
490,H,F,1985-10-16,1.4478,70.76,10148.735,13271.177685950413,25693,W
491,G,F,1957-02-18,1.5542,46.26,11299.739,23785.51912568306,17411,R
492,D,M,1939-10-16,1.7842,74.15,6520.05,35775.30864197531,14489,B
493,A,M,1981-04-17,1.8542,92.9864,5921.594,15059.04761904762,7906,R
494,B,M,1991-07-06,1.905,79.83,9380.07,17363.265306122452,12762,W
495,B,M,1991-07-06,1.905,79.83,4081.121,9292.825768667642,6347,J
496,C,M,1979-04-19,1.7542,145.15,6662.7,26920,14806,B
497,F,F,1984-05-21,1.698,54.4642,4898.04,9846.88995215311,8232,W
498,G,F,1957-02-18,1.5542,46.26,3896.025,6993.17738791423,7175,J
499,A,M,1981-04-17,1.8542,92.9864,8060.005,16174.193548387098,12535,J
500,B,M,1991-07-06,1.905,79.83,5227.32,9676.190476190475,7112,W
501,D,M,1939-10-16,1.7842,74.15,4188.099999999999,6105.102040816327,5983,W
502,H,F,1985-10-16,1.4478,70.76,3654.46,15387.2,9617,B
503,D,M,1939-10-16,1.7842,74.15,4954.096,8147.540983606557,6958,J
504,D,M,1939-10-16,1.7842,74.15,6802.254,12761.96319018405,10401,R
505,B,M,1991-07-06,1.905,79.83,6182.445,14077.598828696924,9615,J
506,B,M,1991-07-06,1.905,79.83,6863.43,12704.761904761905,9338,W
507,I,M,1999-03-12,1.778,72.57,18795.406,111528.88888888889,25094,R
508,I,M,1999-03-12,1.778,72.57,15342.623,50233.68421052631,23861,J
509,B,M,1991-07-06,1.905,79.83,14777.675,46750,20383,R
510,B,M,1991-07-06,1.905,79.83,6807.025,21534.403669724772,9389,R
511,F,F,1984-05-21,1.698,54.4642,19171.404,53886.31578947369,25596,R
512,E,F,1986-12-03,1.625,52.1631,10505.24,30547.36842105263,14510,R
513,F,F,1984-05-21,1.698,54.4642,12180.84,24488.03827751196,20472,W
514,I,M,1999-03-12,1.778,72.57,7944.908,26012.631578947367,12356,J
515,G,F,1957-02-18,1.5542,46.26,1066.23,1714.968152866242,2154,W
516,E,F,1986-12-03,1.625,52.1631,8757.427,18345.693779904304,15337,W
517,B,M,1991-07-06,1.905,79.83,12647.81,28799.414348462666,19670,J
518,F,F,1984-05-21,1.698,54.4642,8562.568,24067.36842105263,11432,R
519,I,M,1999-03-12,1.778,72.57,3535.214,11574.736842105263,5498,J
520,E,F,1986-12-03,1.625,52.1631,8535.235999999999,24818.947368421053,11789,R
521,I,M,1999-03-12,1.778,72.57,6084.876,36106.66666666667,8124,R
522,D,M,1939-10-16,1.7842,74.15,11394.9,62523.456790123455,25322,B
523,E,F,1986-12-03,1.625,52.1631,7935.9,58138.46153846154,18895,B
524,C,M,1979-04-19,1.7542,145.15,8659.699999999999,11401.84331797235,12371,W
525,D,M,1939-10-16,1.7842,74.15,17266.712,28396.95550351288,24251,J
526,D,M,1939-10-16,1.7842,74.15,11993.052,22500.613496932518,18338,R
527,I,M,1999-03-12,1.778,72.57,6787.2,65073.82550335571,19392,B
528,F,F,1984-05-21,1.698,54.4642,1712.214,4812.631578947369,2286,R
529,C,M,1979-04-19,1.7542,145.15,12687.84,18466.321243523318,17820,J
530,F,F,1984-05-21,1.698,54.4642,10245.9,75061.53846153847,24395,B
531,H,F,1985-10-16,1.4478,70.76,7392.52,31126.4,19454,B
532,I,M,1999-03-12,1.778,72.57,8941.064999999999,16245.405405405407,15027,W
533,G,F,1957-02-18,1.5542,46.26,9195.681,19356.557377049183,14169,R
534,H,F,1985-10-16,1.4478,70.76,1415.285,1850.7231404958677,3583,W
535,A,M,1981-04-17,1.8542,92.9864,6799.725,13645.16129032258,10575,J
536,I,M,1999-03-12,1.778,72.57,6252.259999999999,11360,10508,W
537,F,F,1984-05-21,1.698,54.4642,4429.627,10680.62015503876,6889,J
538,C,M,1979-04-19,1.7542,145.15,4510.35,18223.636363636364,10023,B
539,F,F,1984-05-21,1.698,54.4642,18146.023,51004.21052631579,24227,R
540,F,F,1984-05-21,1.698,54.4642,1059.021,2553.4883720930234,1647,J
541,I,M,1999-03-12,1.778,72.57,10534.269,34490.52631578947,16383,J
542,A,M,1981-04-17,1.8542,92.9864,8396.5,73815.38461538461,23990,B
543,F,F,1984-05-21,1.698,54.4642,6944.400000000001,16744.18604651163,10800,J
544,H,F,1985-10-16,1.4478,70.76,3131.567,4575.404530744337,7069,J
545,I,M,1999-03-12,1.778,72.57,8603.014,51048.88888888889,11486,R
546,I,M,1999-03-12,1.778,72.57,12868.064999999999,23380.54054054054,21627,W
547,C,M,1979-04-19,1.7542,145.15,461.07,826.4947245017586,705,R
548,B,M,1991-07-06,1.905,79.83,4303.425,7965.986394557823,5855,W
549,E,F,1986-12-03,1.625,52.1631,1699.32,12449.23076923077,4046,B
550,D,M,1939-10-16,1.7842,74.15,10949.848,18008.196721311473,15379,J
551,E,F,1986-12-03,1.625,52.1631,2404.4809999999998,5037.081339712919,4211,W
552,H,F,1985-10-16,1.4478,70.76,4573.31,5980.371900826446,11578,W
553,B,M,1991-07-06,1.905,79.83,15741.925,49800.45871559633,21713,R
554,A,M,1981-04-17,1.8542,92.9864,311.84999999999997,2741.5384615384614,891,B
555,G,F,1957-02-18,1.5542,46.26,1020.8000000000001,6076.190476190476,3190,B
556,B,M,1991-07-06,1.905,79.83,921.01,10037.162162162162,2971,B
557,B,M,1991-07-06,1.905,79.83,6847.9,74628.37837837837,22090,B
558,E,F,1986-12-03,1.625,52.1631,3230.488,9393.684210526315,4462,R
559,D,M,1939-10-16,1.7842,74.15,2874.6,15772.83950617284,6388,B
560,F,F,1984-05-21,1.698,54.4642,8213.682,19804.6511627907,12774,J
561,F,F,1984-05-21,1.698,54.4642,7969.429999999999,16021.531100478469,13394,W
562,I,M,1999-03-12,1.778,72.57,13326.208,79075.55555555555,17792,R
563,H,F,1985-10-16,1.4478,70.76,4252.965,5561.46694214876,10767,W
564,G,F,1957-02-18,1.5542,46.26,7140.450000000001,12816.764132553606,13150,J
565,A,M,1981-04-17,1.8542,92.9864,460.59999999999997,4049.2307692307695,1316,B
566,G,F,1957-02-18,1.5542,46.26,12334.41,19839.171974522294,24918,W
567,F,F,1984-05-21,1.698,54.4642,540.96,3963.076923076923,1288,B
568,C,M,1979-04-19,1.7542,145.15,5416.2,21883.636363636364,12036,B
569,C,M,1979-04-19,1.7542,145.15,14673.4,19319.815668202766,20962,W
570,G,F,1957-02-18,1.5542,46.26,1243.44,2000,2512,W
571,A,M,1981-04-17,1.8542,92.9864,4152.05,36501.53846153846,11863,B
572,H,F,1985-10-16,1.4478,70.76,2317.86,3030.99173553719,5868,W
573,H,F,1985-10-16,1.4478,70.76,7788.1140000000005,14549.74358974359,14186,R
574,C,M,1979-04-19,1.7542,145.15,5948.599999999999,7832.258064516129,8498,W
575,A,M,1981-04-17,1.8542,92.9864,5623.45,49436.92307692308,16067,B
576,F,F,1984-05-21,1.698,54.4642,9793.14,71744.61538461539,23317,B
577,B,M,1991-07-06,1.905,79.83,7185.525000000001,16361.639824304539,11175,J
578,E,F,1986-12-03,1.625,52.1631,3394.595,7111.244019138756,5945,W
579,G,F,1957-02-18,1.5542,46.26,6519.360000000001,38805.71428571429,20373,B
580,C,M,1979-04-19,1.7542,145.15,11095.096,16148.186528497408,15583,J
581,E,F,1986-12-03,1.625,52.1631,5746.068,14556.589147286822,9389,J
582,B,M,1991-07-06,1.905,79.83,6273.224999999999,11612.244897959183,8535,W
583,F,F,1984-05-21,1.698,54.4642,3158.416,7615.503875968992,4912,J
584,F,F,1984-05-21,1.698,54.4642,8691.164999999999,17472.48803827751,14607,W
585,E,F,1986-12-03,1.625,52.1631,3574.388,10393.684210526315,4937,R
586,I,M,1999-03-12,1.778,72.57,1693.3,16234.899328859061,4838,B
587,A,M,1981-04-17,1.8542,92.9864,420.7,3698.4615384615386,1202,B
588,B,M,1991-07-06,1.905,79.83,4570.0199999999995,49804.05405405405,14742,B
589,E,F,1986-12-03,1.625,52.1631,10193.491999999998,21354.06698564593,17852,W
590,D,M,1939-10-16,1.7842,74.15,6689.25,36703.7037037037,14865,B
591,C,M,1979-04-19,1.7542,145.15,3307.5,13363.636363636364,7350,B
592,F,F,1984-05-21,1.698,54.4642,4646.04,34036.92307692307,11062,B
593,C,M,1979-04-19,1.7542,145.15,11400.199999999999,15010.138248847927,16286,W
594,I,M,1999-03-12,1.778,72.57,511.7,4906.040268456376,1462,B
595,B,M,1991-07-06,1.905,79.83,12340.65,22843.537414965987,16790,W
596,E,F,1986-12-03,1.625,52.1631,9262.856,26934.736842105263,12794,R
597,I,M,1999-03-12,1.778,72.57,1422.316,4656.842105263158,2212,J
598,I,M,1999-03-12,1.778,72.57,3252.5499999999997,31184.563758389264,9293,B
599,I,M,1999-03-12,1.778,72.57,12236.769999999999,22233.513513513513,20566,W
600,H,F,1985-10-16,1.4478,70.76,3954.66,16651.2,10407,B
601,B,M,1991-07-06,1.905,79.83,4052.055,7500.680272108844,5513,W
602,I,M,1999-03-12,1.778,72.57,4936.049999999999,47325.5033557047,14103,B
603,I,M,1999-03-12,1.778,72.57,11807.775,21454.054054054053,19845,W
604,H,F,1985-10-16,1.4478,70.76,7812.7480000000005,11414.886731391587,17636,J
605,G,F,1957-02-18,1.5542,46.26,2231.73,4005.8479532163747,4110,J
606,A,M,1981-04-17,1.8542,92.9864,2969.036,7550.47619047619,3964,R
607,I,M,1999-03-12,1.778,72.57,3983.5249999999996,7237.837837837838,6695,W
608,E,F,1986-12-03,1.625,52.1631,16638.968,48383.15789473684,22982,R
609,B,M,1991-07-06,1.905,79.83,15343.125,28401.36054421769,20875,W
610,B,M,1991-07-06,1.905,79.83,17247.51,31926.530612244896,23466,W
611,A,M,1981-04-17,1.8542,92.9864,7986.06,16025.806451612905,12420,J
612,D,M,1939-10-16,1.7842,74.15,7529.400000000001,41313.58024691358,16732,B
613,F,F,1984-05-21,1.698,54.4642,7631.767,18401.5503875969,11869,J
614,C,M,1979-04-19,1.7542,145.15,13019.178,23337.63188745604,19907,R
615,G,F,1957-02-18,1.5542,46.26,9546.57,15355.095541401275,19286,W
616,I,M,1999-03-12,1.778,72.57,14503.508,47486.31578947369,22556,J
617,H,F,1985-10-16,1.4478,70.76,6919.8,29136,18210,B
618,G,F,1957-02-18,1.5542,46.26,6043.488,12721.311475409835,9312,R
619,D,M,1939-10-16,1.7842,74.15,7557.75,41469.13580246913,16795,B
620,B,M,1991-07-06,1.905,79.83,13424.824999999999,42470.18348623853,18517,R
621,C,M,1979-04-19,1.7542,145.15,17480.311999999998,25441.45077720207,24551,J
622,G,F,1957-02-18,1.5542,46.26,2573.12,15316.190476190475,8041,B
623,A,M,1981-04-17,1.8542,92.9864,12119.569,30820.95238095238,16181,R
624,F,F,1984-05-21,1.698,54.4642,1884.12,13803.076923076922,4486,B
625,H,F,1985-10-16,1.4478,70.76,7679.8,32336,20210,B
626,D,M,1939-10-16,1.7842,74.15,5757.162,10801.226993865032,8803,R
627,E,F,1986-12-03,1.625,52.1631,9152.22,67049.23076923078,21791,B
628,A,M,1981-04-17,1.8542,92.9864,15797.224,31700.645161290322,24568,J
629,G,F,1957-02-18,1.5542,46.26,11698.335,18816.08280254777,23633,W
630,I,M,1999-03-12,1.778,72.57,4877.488,28942.222222222223,6512,R
631,F,F,1984-05-21,1.698,54.4642,14530.494999999999,29211.72248803828,24421,W
632,H,F,1985-10-16,1.4478,70.76,4484.435,5864.152892561983,11353,W
633,D,M,1939-10-16,1.7842,74.15,187.20000000000002,1027.1604938271605,416,B
634,H,F,1985-10-16,1.4478,70.76,563.496,823.3009708737864,1272,J
635,A,M,1981-04-17,1.8542,92.9864,1889.6499999999999,16612.30769230769,5399,B
636,H,F,1985-10-16,1.4478,70.76,9236.285,12077.995867768594,23383,W
637,E,F,1986-12-03,1.625,52.1631,1216.2299999999998,2547.846889952153,2130,W
638,A,M,1981-04-17,1.8542,92.9864,29.749999999999996,261.53846153846155,85,B
639,A,M,1981-04-17,1.8542,92.9864,4971.113,12641.904761904761,6637,R
640,I,M,1999-03-12,1.778,72.57,14990.429999999998,27236.756756756757,25194,W
641,B,M,1991-07-06,1.905,79.83,16550.3,52357.79816513762,22828,R
642,G,F,1957-02-18,1.5542,46.26,8511.525,13690.286624203822,17195,W
643,F,F,1984-05-21,1.698,54.4642,2474.264,5965.891472868217,3848,J
644,D,M,1939-10-16,1.7842,74.15,16566.474000000002,31080.981595092024,25331,R
645,C,M,1979-04-19,1.7542,145.15,1425.066,2554.5134818288393,2179,R
646,B,M,1991-07-06,1.905,79.83,3662.03,39908.78378378378,11813,B
647,B,M,1991-07-06,1.905,79.83,3702.1949999999997,6853.061224489796,5037,W
648,C,M,1979-04-19,1.7542,145.15,51.099999999999994,67.2811059907834,73,W
649,G,F,1957-02-18,1.5542,46.26,10445.985,16801.751592356686,21103,W
650,D,M,1939-10-16,1.7842,74.15,10071.45,55261.72839506173,22381,B
651,B,M,1991-07-06,1.905,79.83,11377.425,35993.119266055044,15693,R
652,C,M,1979-04-19,1.7542,145.15,746.214,1337.6318874560375,1141,R
653,G,F,1957-02-18,1.5542,46.26,8025.28,47769.52380952381,25079,B
654,C,M,1979-04-19,1.7542,145.15,4797.799999999999,6317.05069124424,6854,W
655,B,M,1991-07-06,1.905,79.83,1849.46,20155.405405405407,5966,B
656,E,F,1986-12-03,1.625,52.1631,12910.881,27046.65071770335,22611,W
657,G,F,1957-02-18,1.5542,46.26,3080.154,6483.606557377049,4746,R
658,E,F,1986-12-03,1.625,52.1631,12700.224,32173.643410852714,20752,J
659,B,M,1991-07-06,1.905,79.83,126.14999999999999,399.08256880733944,174,R
660,D,M,1939-10-16,1.7842,74.15,1774.3020000000001,3328.834355828221,2713,R
661,C,M,1979-04-19,1.7542,145.15,16391.202,29382.180539273155,25063,R
662,G,F,1957-02-18,1.5542,46.26,6296.4,10127.388535031849,12720,W
663,H,F,1985-10-16,1.4478,70.76,9712.8,40896,25560,B
664,C,M,1979-04-19,1.7542,145.15,16508.922000000002,29593.200468933177,25243,R
665,H,F,1985-10-16,1.4478,70.76,9842.131,14379.935275080905,22217,J
666,F,F,1984-05-21,1.698,54.4642,692.511,1669.7674418604652,1077,J
667,D,M,1939-10-16,1.7842,74.15,13779.336,22661.592505854802,19353,J
668,A,M,1981-04-17,1.8542,92.9864,4124.05,36255.38461538462,11783,B
669,A,M,1981-04-17,1.8542,92.9864,6289.15,55289.23076923077,17969,B
670,A,M,1981-04-17,1.8542,92.9864,8461.880000000001,16980.645161290322,13160,J
671,D,M,1939-10-16,1.7842,74.15,16355.232,30684.66257668712,25008,R
672,A,M,1981-04-17,1.8542,92.9864,8819.475,22428.571428571428,11775,R
673,D,M,1939-10-16,1.7842,74.15,12285,17908.16326530612,17550,W
674,A,M,1981-04-17,1.8542,92.9864,5016.686,10067.096774193547,7802,J
675,A,M,1981-04-17,1.8542,92.9864,2443,21476.923076923074,6980,B
676,D,M,1939-10-16,1.7842,74.15,1733.8500000000001,9513.58024691358,3853,B
677,E,F,1986-12-03,1.625,52.1631,18136.924,52738.94736842105,25051,R
678,B,M,1991-07-06,1.905,79.83,2931.05,31942.56756756757,9455,B
679,F,F,1984-05-21,1.698,54.4642,2971.08,21766.153846153844,7074,B
680,A,M,1981-04-17,1.8542,92.9864,2762.8999999999996,24289.23076923077,7894,B
681,C,M,1979-04-19,1.7542,145.15,7732.9,10181.566820276497,11047,W
682,I,M,1999-03-12,1.778,72.57,4685.541,15341.052631578947,7287,J
683,G,F,1957-02-18,1.5542,46.26,4291.52,25544.761904761905,13411,B
684,I,M,1999-03-12,1.778,72.57,7857.46,25726.315789473683,12220,J
685,G,F,1957-02-18,1.5542,46.26,4909.263,8811.890838206627,9041,J
686,D,M,1939-10-16,1.7842,74.15,16236.204000000002,30461.349693251534,24826,R
687,B,M,1991-07-06,1.905,79.83,13900.374,31651.537335285502,21618,J
688,G,F,1957-02-18,1.5542,46.26,5311.0830000000005,9533.138401559454,9781,J
689,I,M,1999-03-12,1.778,72.57,4357.1849999999995,7916.756756756758,7323,W
690,B,M,1991-07-06,1.905,79.83,10518.3,33275.22935779817,14508,R
691,B,M,1991-07-06,1.905,79.83,5215.3730000000005,11875.549048316252,8111,J
692,F,F,1984-05-21,1.698,54.4642,12363.505,24855.263157894737,20779,W
693,H,F,1985-10-16,1.4478,70.76,6290.157,9190.291262135923,14199,J
694,C,M,1979-04-19,1.7542,145.15,8678.7,35065.454545454544,19286,B
695,D,M,1939-10-16,1.7842,74.15,5133.099999999999,7482.65306122449,7333,W
696,C,M,1979-04-19,1.7542,145.15,14312.79,25656.506447831183,21885,R
697,D,M,1939-10-16,1.7842,74.15,2627.7999999999997,3830.612244897959,3754,W
698,C,M,1979-04-19,1.7542,145.15,8834,11631.336405529953,12620,W
699,E,F,1986-12-03,1.625,52.1631,6633.9,48600,15795,B
700,E,F,1986-12-03,1.625,52.1631,9335.98,27147.368421052633,12895,R
701,B,M,1991-07-06,1.905,79.83,5956.109,13562.225475841875,9263,J
702,I,M,1999-03-12,1.778,72.57,2560.082,15191.111111111111,3418,R
703,A,M,1981-04-17,1.8542,92.9864,7635.95,67129.23076923077,21817,B
704,A,M,1981-04-17,1.8542,92.9864,6035.4,53058.46153846154,17244,B
705,H,F,1985-10-16,1.4478,70.76,8926.960000000001,37587.200000000004,23492,B
706,B,M,1991-07-06,1.905,79.83,281.79,3070.9459459459463,909,B
707,E,F,1986-12-03,1.625,52.1631,1200.78,8796.923076923078,2859,B
708,A,M,1981-04-17,1.8542,92.9864,7197.4,63273.84615384615,20564,B
709,F,F,1984-05-21,1.698,54.4642,4030.967,9719.37984496124,6269,J
710,F,F,1984-05-21,1.698,54.4642,8697.115,17484.44976076555,14617,W
711,H,F,1985-10-16,1.4478,70.76,5236.703,7651.132686084142,11821,J
712,A,M,1981-04-17,1.8542,92.9864,2716,23876.923076923078,7760,B
713,I,M,1999-03-12,1.778,72.57,976.395,1774.0540540540542,1641,W
714,G,F,1957-02-18,1.5542,46.26,1299.375,2089.9681528662422,2625,W
715,G,F,1957-02-18,1.5542,46.26,9662.4,15541.40127388535,19520,W
716,D,M,1939-10-16,1.7842,74.15,445.712,733.0210772833724,626,J
717,C,M,1979-04-19,1.7542,145.15,7044.3,28461.81818181818,15654,B
718,F,F,1984-05-21,1.698,54.4642,4619.312,11137.98449612403,7184,J
719,D,M,1939-10-16,1.7842,74.15,4549.95,24965.432098765432,10111,B
720,H,F,1985-10-16,1.4478,70.76,3034.7850000000003,3968.49173553719,7683,W
721,E,F,1986-12-03,1.625,52.1631,3401.16,24916.923076923078,8098,B
722,C,M,1979-04-19,1.7542,145.15,404.1,1632.7272727272727,898,B
723,F,F,1984-05-21,1.698,54.4642,5920.74,43375.38461538462,14097,B
724,A,M,1981-04-17,1.8542,92.9864,3669.7499999999995,32261.538461538465,10485,B
725,I,M,1999-03-12,1.778,72.57,6127.099999999999,58744.966442953024,17506,B
726,C,M,1979-04-19,1.7542,145.15,888.3,1169.5852534562212,1269,W
727,E,F,1986-12-03,1.625,52.1631,5783.4,14651.162790697674,9450,J
728,F,F,1984-05-21,1.698,54.4642,1216.556,2933.333333333333,1892,J
729,H,F,1985-10-16,1.4478,70.76,1586.826,2318.4466019417478,3582,J
730,E,F,1986-12-03,1.625,52.1631,15064.992,43806.31578947369,20808,R
731,C,M,1979-04-19,1.7542,145.15,810.256,1179.2746113989638,1138,J
732,B,M,1991-07-06,1.905,79.83,4856.88,8990.47619047619,6608,W
733,C,M,1979-04-19,1.7542,145.15,7205.772,12916.764361078545,11018,R
734,A,M,1981-04-17,1.8542,92.9864,14112.564,28320,21948,J
735,C,M,1979-04-19,1.7542,145.15,60.300000000000004,243.63636363636363,134,B
736,A,M,1981-04-17,1.8542,92.9864,4105.269,10440,5481,R
737,H,F,1985-10-16,1.4478,70.76,10370.061000000002,19373.333333333336,18889,R
738,I,M,1999-03-12,1.778,72.57,14093.932999999999,83631.11111111111,18817,R
739,E,F,1986-12-03,1.625,52.1631,5444.46,39886.153846153844,12963,B
740,H,F,1985-10-16,1.4478,70.76,3691.67,4827.479338842975,9346,W
741,I,M,1999-03-12,1.778,72.57,13342.875,24243.243243243243,22425,W
742,B,M,1991-07-06,1.905,79.83,11171.265,20678.91156462585,15199,W
743,I,M,1999-03-12,1.778,72.57,10429.076,61884.444444444445,13924,R
744,E,F,1986-12-03,1.625,52.1631,4091.832,10365.891472868218,6686,J
745,B,M,1991-07-06,1.905,79.83,8101.17,14995.918367346938,11022,W
746,B,M,1991-07-06,1.905,79.83,6008.42,65479.72972972973,19382,B
747,A,M,1981-04-17,1.8542,92.9864,2346.617,5967.619047619048,3133,R
748,H,F,1985-10-16,1.4478,70.76,3398.3100000000004,6348.717948717948,6190,R
749,F,F,1984-05-21,1.698,54.4642,4079.3199999999997,8200.956937799043,6856,W
750,E,F,1986-12-03,1.625,52.1631,10490.982999999998,21977.272727272728,18373,W
751,B,M,1991-07-06,1.905,79.83,12607.025,39883.02752293578,17389,R
752,F,F,1984-05-21,1.698,54.4642,4650.819,11213.953488372093,7233,J
753,E,F,1986-12-03,1.625,52.1631,10419.912,26396.899224806202,17026,J
754,E,F,1986-12-03,1.625,52.1631,7500.0599999999995,19000,12255,J
755,C,M,1979-04-19,1.7542,145.15,15825.492,28368.112543962485,24198,R
756,F,F,1984-05-21,1.698,54.4642,17456.943,49067.36842105263,23307,R
757,B,M,1991-07-06,1.905,79.83,11178.05,35362.38532110092,15418,R
758,I,M,1999-03-12,1.778,72.57,14635.966,47920,22762,J
759,F,F,1984-05-21,1.698,54.4642,18206.692,51174.73684210526,24308,R
760,E,F,1986-12-03,1.625,52.1631,3281.04,24036.923076923078,7812,B
761,D,M,1939-10-16,1.7842,74.15,8771.85,48130.864197530864,19493,B
762,C,M,1979-04-19,1.7542,145.15,17495.1,23035.023041474655,24993,W
763,A,M,1981-04-17,1.8542,92.9864,3089.45,27160,8827,B
764,D,M,1939-10-16,1.7842,74.15,15943.104,26220.140515222483,22392,J
765,G,F,1957-02-18,1.5542,46.26,7155.72,11509.554140127388,14456,W
766,C,M,1979-04-19,1.7542,145.15,13252.4,17448.84792626728,18932,W
767,D,M,1939-10-16,1.7842,74.15,1818,9975.308641975309,4040,B
768,B,M,1991-07-06,1.905,79.83,14200.199999999999,26285.714285714286,19320,W
769,D,M,1939-10-16,1.7842,74.15,12397.224,23258.89570552147,18956,R
770,A,M,1981-04-17,1.8542,92.9864,6407.45,56329.230769230766,18307,B
771,C,M,1979-04-19,1.7542,145.15,8876.088,15910.902696365769,13572,R
772,C,M,1979-04-19,1.7542,145.15,11425.95,46165.454545454544,25391,B
773,C,M,1979-04-19,1.7542,145.15,4735.512,6892.227979274612,6651,J
774,A,M,1981-04-17,1.8542,92.9864,17632.209,44840,23541,R
775,H,F,1985-10-16,1.4478,70.76,4252.58,17905.6,11191,B
776,B,M,1991-07-06,1.905,79.83,11418.96,21137.414965986394,15536,W
777,I,M,1999-03-12,1.778,72.57,8370.949999999999,80258.38926174496,23917,B
778,G,F,1957-02-18,1.5542,46.26,3431.263,7222.6775956284155,5287,R
779,E,F,1986-12-03,1.625,52.1631,3854.576,11208.421052631578,5324,R
780,D,M,1939-10-16,1.7842,74.15,12310.48,20245.90163934426,17290,J
781,G,F,1957-02-18,1.5542,46.26,6371.2,37923.80952380953,19910,B
782,D,M,1939-10-16,1.7842,74.15,9961.728000000001,18689.570552147237,15232,R
783,A,M,1981-04-17,1.8542,92.9864,8544.55,75116.92307692308,24413,B
784,G,F,1957-02-18,1.5542,46.26,14359.125,30225.409836065573,22125,R
785,C,M,1979-04-19,1.7542,145.15,3969.4500000000003,16038.18181818182,8821,B
786,D,M,1939-10-16,1.7842,74.15,17196.935999999998,28282.201405152224,24153,J
787,C,M,1979-04-19,1.7542,145.15,1602.954,2873.388042203986,2451,R
788,H,F,1985-10-16,1.4478,70.76,7316.9,30808,19255,B
789,F,F,1984-05-21,1.698,54.4642,14599.515,29350.47846889952,24537,W
790,C,M,1979-04-19,1.7542,145.15,5557.16,8088.082901554404,7805,J
791,A,M,1981-04-17,1.8542,92.9864,308.588,784.7619047619048,412,R
792,I,M,1999-03-12,1.778,72.57,10615.394999999999,19287.567567567567,17841,W
793,B,M,1991-07-06,1.905,79.83,3326.3,36250,10730,B
794,H,F,1985-10-16,1.4478,70.76,5901.4,24848,15530,B
795,E,F,1986-12-03,1.625,52.1631,3893.3999999999996,28523.076923076926,9270,B
796,F,F,1984-05-21,1.698,54.4642,5390.269,12996.8992248062,8383,J
797,D,M,1939-10-16,1.7842,74.15,10998.975999999999,18088.992974238878,15448,J
798,C,M,1979-04-19,1.7542,145.15,4550.532,8157.092614302462,6958,R
799,C,M,1979-04-19,1.7542,145.15,13430.544,24075.029308323567,20536,R
800,H,F,1985-10-16,1.4478,70.76,271.76,355.3719008264463,688,W
801,B,M,1991-07-06,1.905,79.83,11835.625,37442.66055045872,16325,R
802,F,F,1984-05-21,1.698,54.4642,10217.34,74852.30769230769,24327,B
803,H,F,1985-10-16,1.4478,70.76,3021.355,3950.9297520661157,7649,W
804,I,M,1999-03-12,1.778,72.57,12445.615,22612.972972972973,20917,W
805,D,M,1939-10-16,1.7842,74.15,7050.936,11596.018735362997,9903,J
806,A,M,1981-04-17,1.8542,92.9864,674.849,1716.1904761904764,901,R
807,G,F,1957-02-18,1.5542,46.26,7845.112,16513.66120218579,12088,R
808,B,M,1991-07-06,1.905,79.83,147.247,335.28550512445094,229,J
809,D,M,1939-10-16,1.7842,74.15,9184.050000000001,50392.59259259259,20409,B
810,C,M,1979-04-19,1.7542,145.15,1349.202,2418.52286049238,2063,R
811,I,M,1999-03-12,1.778,72.57,2114.827,6924.21052631579,3289,J
812,A,M,1981-04-17,1.8542,92.9864,11441.724,29097.142857142855,15276,R
813,D,M,1939-10-16,1.7842,74.15,15374.215999999999,25284.543325526934,21593,J
814,D,M,1939-10-16,1.7842,74.15,15159.066,28440.490797546012,23179,R
815,A,M,1981-04-17,1.8542,92.9864,7318.5,12000,12300,W
816,I,M,1999-03-12,1.778,72.57,10378.893,61586.666666666664,13857,R
817,I,M,1999-03-12,1.778,72.57,13206.619999999999,23995.675675675673,22196,W
818,H,F,1985-10-16,1.4478,70.76,7964.892000000001,14880,14508,R
819,F,F,1984-05-21,1.698,54.4642,4236.084,10213.953488372093,6588,J
820,H,F,1985-10-16,1.4478,70.76,449.202,656.3106796116505,1014,J
821,G,F,1957-02-18,1.5542,46.26,2336.4,3757.9617834394903,4720,W
822,F,F,1984-05-21,1.698,54.4642,6689.34,49006.153846153844,15927,B
823,I,M,1999-03-12,1.778,72.57,3583.216,21262.22222222222,4784,R
824,E,F,1986-12-03,1.625,52.1631,4560.012,11551.937984496124,7451,J
825,A,M,1981-04-17,1.8542,92.9864,16279.515,41400,21735,R
826,D,M,1939-10-16,1.7842,74.15,16447.899999999998,23976.530612244896,23497,W
827,A,M,1981-04-17,1.8542,92.9864,2809.499,7144.761904761905,3751,R
828,F,F,1984-05-21,1.698,54.4642,13254.159,31958.13953488372,20613,J
829,G,F,1957-02-18,1.5542,46.26,5112.822,10762.295081967213,7878,R
830,A,M,1981-04-17,1.8542,92.9864,2046.8,17993.846153846152,5848,B
831,H,F,1985-10-16,1.4478,70.76,10366.218,19366.153846153848,18882,R
832,E,F,1986-12-03,1.625,52.1631,8826.518,18490.430622009568,15458,W
833,B,M,1991-07-06,1.905,79.83,4199.925,13286.697247706423,5793,R
834,D,M,1939-10-16,1.7842,74.15,5192.599999999999,7569.387755102041,7418,W
835,I,M,1999-03-12,1.778,72.57,11539.43,20966.486486486487,19394,W
836,I,M,1999-03-12,1.778,72.57,8279.25,79379.19463087249,23655,B
837,C,M,1979-04-19,1.7542,145.15,2772,11200,6160,B
838,E,F,1986-12-03,1.625,52.1631,13647.471,28589.712918660287,23901,W
839,F,F,1984-05-21,1.698,54.4642,10663.512,25711.627906976744,16584,J
840,B,M,1991-07-06,1.905,79.83,8623.755,15963.265306122448,11733,W
841,A,M,1981-04-17,1.8542,92.9864,1814.827,4615.238095238095,2423,R
842,B,M,1991-07-06,1.905,79.83,10412.744999999999,19274.82993197279,14167,W
843,G,F,1957-02-18,1.5542,46.26,8163.84,48594.28571428571,25512,B
844,F,F,1984-05-21,1.698,54.4642,862.9060000000001,2080.6201550387595,1342,J
845,E,F,1986-12-03,1.625,52.1631,4150.027999999999,8693.77990430622,7268,W
846,F,F,1984-05-21,1.698,54.4642,2017.806,5671.578947368422,2694,R
847,I,M,1999-03-12,1.778,72.57,987.3499999999999,9466.442953020134,2821,B
848,I,M,1999-03-12,1.778,72.57,1020.441,3341.052631578947,1587,J
849,H,F,1985-10-16,1.4478,70.76,7002.64,29484.8,18428,B
850,C,M,1979-04-19,1.7542,145.15,11457.599999999999,15085.714285714286,16368,W
851,E,F,1986-12-03,1.625,52.1631,2750.476,7997.894736842105,3799,R
852,E,F,1986-12-03,1.625,52.1631,6962.759999999999,51009.230769230766,16578,B
853,B,M,1991-07-06,1.905,79.83,6479.511,14754.02635431918,10077,J
854,F,F,1984-05-21,1.698,54.4642,13600.093,32792.248062015504,21151,J
855,D,M,1939-10-16,1.7842,74.15,3650.424,6003.512880562062,5127,J
856,E,F,1986-12-03,1.625,52.1631,3011.8399999999997,8757.894736842105,4160,R
857,A,M,1981-04-17,1.8542,92.9864,4081.121,8189.677419354838,6347,J
858,B,M,1991-07-06,1.905,79.83,6062.847,13805.270863836018,9429,J
859,A,M,1981-04-17,1.8542,92.9864,1539.86,2524.878048780488,2588,W
860,E,F,1986-12-03,1.625,52.1631,3728.7599999999998,27316.923076923078,8878,B
861,D,M,1939-10-16,1.7842,74.15,331.57800000000003,622.0858895705521,507,R
862,C,M,1979-04-19,1.7542,145.15,7021.8,28370.909090909092,15604,B
863,D,M,1939-10-16,1.7842,74.15,11554.336,19002.341920374707,16228,J
864,A,M,1981-04-17,1.8542,92.9864,8073.554999999999,13238.048780487805,13569,W
865,B,M,1991-07-06,1.905,79.83,7952.43,86665.54054054055,25653,B
866,H,F,1985-10-16,1.4478,70.76,6276.84,26428.8,16518,B
867,E,F,1986-12-03,1.625,52.1631,16090.176,46787.36842105263,22224,R
868,B,M,1991-07-06,1.905,79.83,17988.7,56908.25688073394,24812,R
869,I,M,1999-03-12,1.778,72.57,8110.549999999999,77761.74496644294,23173,B
870,G,F,1957-02-18,1.5542,46.26,3281.6,19533.333333333336,10255,B
871,E,F,1986-12-03,1.625,52.1631,2084.3959999999997,6061.0526315789475,2879,R
872,G,F,1957-02-18,1.5542,46.26,2347.389,4213.450292397661,4323,J
873,F,F,1984-05-21,1.698,54.4642,9223.835000000001,22240.310077519378,14345,J
874,F,F,1984-05-21,1.698,54.4642,123.75999999999999,248.80382775119617,208,W
875,G,F,1957-02-18,1.5542,46.26,6079.04,36184.76190476191,18997,B
876,F,F,1984-05-21,1.698,54.4642,6105.889999999999,12275.119617224882,10262,W
877,C,M,1979-04-19,1.7542,145.15,2230.65,9012.727272727274,4957,B
878,I,M,1999-03-12,1.778,72.57,11768.829,38532.63157894737,18303,J
879,E,F,1986-12-03,1.625,52.1631,6366.36,46640,15158,B
880,H,F,1985-10-16,1.4478,70.76,2422.767,3539.8058252427186,5469,J
881,E,F,1986-12-03,1.625,52.1631,6266.724999999999,13127.99043062201,10975,W
882,C,M,1979-04-19,1.7542,145.15,4789.8,19352.727272727272,10644,B
883,C,M,1979-04-19,1.7542,145.15,9278.1,37487.27272727273,20618,B
884,G,F,1957-02-18,1.5542,46.26,6597.993,11843.079922027291,12151,J
885,I,M,1999-03-12,1.778,72.57,8883.045,29084.21052631579,13815,J
886,H,F,1985-10-16,1.4478,70.76,952.74,1245.8677685950413,2412,W
887,I,M,1999-03-12,1.778,72.57,6049.75,58003.35570469799,17285,B
888,A,M,1981-04-17,1.8542,92.9864,9618.77,15771.707317073171,16166,W
889,D,M,1939-10-16,1.7842,74.15,2012.8500000000001,11044.444444444443,4473,B
890,F,F,1984-05-21,1.698,54.4642,5135.144,14433.684210526317,6856,R
891,H,F,1985-10-16,1.4478,70.76,5103.803,7456.957928802589,11521,J
892,I,M,1999-03-12,1.778,72.57,215.6,2067.1140939597317,616,B
893,D,M,1939-10-16,1.7842,74.15,3695.9919999999997,6078.454332552694,5191,J
894,C,M,1979-04-19,1.7542,145.15,8858.25,35790.90909090909,19685,B
895,G,F,1957-02-18,1.5542,46.26,6514.2,10477.707006369426,13160,W
896,A,M,1981-04-17,1.8542,92.9864,15603.681,31312.25806451613,24267,J
897,H,F,1985-10-16,1.4478,70.76,3186.945,5953.846153846154,5805,R
898,C,M,1979-04-19,1.7542,145.15,540.45,2183.6363636363635,1201,B
899,D,M,1939-10-16,1.7842,74.15,2876.946,5397.546012269939,4399,R
900,H,F,1985-10-16,1.4478,70.76,7874.72,10297.520661157025,19936,W
901,H,F,1985-10-16,1.4478,70.76,5833.674000000001,10898.461538461537,10626,R
902,D,M,1939-10-16,1.7842,74.15,12168.978000000001,22830.674846625767,18607,R
903,B,M,1991-07-06,1.905,79.83,4049.22,44128.37837837838,13062,B
904,B,M,1991-07-06,1.905,79.83,15888.53,36178.62371888726,24710,J
905,A,M,1981-04-17,1.8542,92.9864,2285.1499999999996,20089.23076923077,6529,B
906,A,M,1981-04-17,1.8542,92.9864,7346.941,18683.809523809523,9809,R
907,B,M,1991-07-06,1.905,79.83,7115.74,77547.2972972973,22954,B
908,C,M,1979-04-19,1.7542,145.15,16093.336,23422.79792746114,22603,J
909,G,F,1957-02-18,1.5542,46.26,1036.587,1860.6237816764133,1909,J
910,A,M,1981-04-17,1.8542,92.9864,11337.725,18590.243902439022,19055,W
911,H,F,1985-10-16,1.4478,70.76,443.98,580.5785123966942,1124,W
912,I,M,1999-03-12,1.778,72.57,8767.045,52022.222222222226,11705,R
913,F,F,1984-05-21,1.698,54.4642,10309.564999999999,20726.076555023923,17327,W
914,E,F,1986-12-03,1.625,52.1631,5754.84,42160,13702,B
915,E,F,1986-12-03,1.625,52.1631,3347.4,24523.076923076926,7970,B
916,F,F,1984-05-21,1.698,54.4642,1257.235,2527.5119617224877,2113,W
917,H,F,1985-10-16,1.4478,70.76,9342.3,39336,24585,B
918,I,M,1999-03-12,1.778,72.57,11475.765,20850.81081081081,19287,W
919,I,M,1999-03-12,1.778,72.57,7611.24,13829.18918918919,12792,W
920,B,M,1991-07-06,1.905,79.83,8005.62,14819.04761904762,10892,W
921,E,F,1986-12-03,1.625,52.1631,10692.864,27088.372093023256,17472,J
922,I,M,1999-03-12,1.778,72.57,14576.31,26484.324324324323,24498,W
923,H,F,1985-10-16,1.4478,70.76,5277.2,6900.826446280992,13360,W
924,C,M,1979-04-19,1.7542,145.15,8326.074,14924.970691676435,12731,R
925,B,M,1991-07-06,1.905,79.83,10951.125,34644.49541284404,15105,R
926,E,F,1986-12-03,1.625,52.1631,1006.1279999999999,2548.8372093023254,1644,J
927,E,F,1986-12-03,1.625,52.1631,14830.416,43124.210526315794,20484,R
928,D,M,1939-10-16,1.7842,74.15,6597.552000000001,12377.914110429447,10088,R
929,F,F,1984-05-21,1.698,54.4642,4459.98,32673.846153846156,10619,B
930,F,F,1984-05-21,1.698,54.4642,15507.296,43587.36842105263,20704,R
931,E,F,1986-12-03,1.625,52.1631,10638.6,77938.46153846153,25330,B
932,A,M,1981-04-17,1.8542,92.9864,5441.799999999999,47840,15548,B
933,H,F,1985-10-16,1.4478,70.76,5329.34,6969.008264462809,13492,W
934,I,M,1999-03-12,1.778,72.57,13892.015000000001,45484.210526315794,21605,J
935,G,F,1957-02-18,1.5542,46.26,7742.295,12453.025477707006,15641,W
936,E,F,1986-12-03,1.625,52.1631,15192.416,44176.84210526315,20984,R
937,H,F,1985-10-16,1.4478,70.76,9824.835000000001,12847.623966942148,24873,W
938,F,F,1984-05-21,1.698,54.4642,3026.1,22169.23076923077,7205,B
939,I,M,1999-03-12,1.778,72.57,3578.938,11717.894736842105,5566,J
940,I,M,1999-03-12,1.778,72.57,1091.171,3572.631578947369,1697,J
941,I,M,1999-03-12,1.778,72.57,9771.454,57982.22222222222,13046,R
942,E,F,1986-12-03,1.625,52.1631,9299.952,23559.68992248062,15196,J
943,D,M,1939-10-16,1.7842,74.15,5723.808,10738.650306748466,8752,R
944,D,M,1939-10-16,1.7842,74.15,5391.264,8866.510538641685,7572,J
945,C,M,1979-04-19,1.7542,145.15,5120.166,9178.194607268464,7829,R
946,A,M,1981-04-17,1.8542,92.9864,1073.81,2154.8387096774195,1670,J
947,I,M,1999-03-12,1.778,72.57,6119.33,36311.11111111111,8170,R
948,D,M,1939-10-16,1.7842,74.15,9488.112,15604.215456674472,13326,J
949,G,F,1957-02-18,1.5542,46.26,8793.95,18510.928961748632,13550,R
950,A,M,1981-04-17,1.8542,92.9864,8044.573,16143.225806451614,12511,J
951,B,M,1991-07-06,1.905,79.83,2201.632,5013.177159590044,3424,J
952,F,F,1984-05-21,1.698,54.4642,11357.836,31924.21052631579,15164,R
953,D,M,1939-10-16,1.7842,74.15,14405.3,20998.979591836738,20579,W
954,A,M,1981-04-17,1.8542,92.9864,7112.866,14273.548387096775,11062,J
955,H,F,1985-10-16,1.4478,70.76,2839.655,3713.3264462809916,7189,W
956,H,F,1985-10-16,1.4478,70.76,12658.842,23649.23076923077,23058,R
957,H,F,1985-10-16,1.4478,70.76,4483.25,5862.603305785125,11350,W
958,D,M,1939-10-16,1.7842,74.15,9728.768,16000,13664,J
959,D,M,1939-10-16,1.7842,74.15,12942.66,24282.208588957055,19790,R
960,C,M,1979-04-19,1.7542,145.15,7718.2,10162.21198156682,11026,W
961,H,F,1985-10-16,1.4478,70.76,4511.133000000001,8427.692307692307,8217,R
962,A,M,1981-04-17,1.8542,92.9864,10260.18,16823.414634146342,17244,W
963,I,M,1999-03-12,1.778,72.57,1904.35,18258.389261744967,5441,B
964,E,F,1986-12-03,1.625,52.1631,5393.094999999999,11297.846889952152,9445,W
965,D,M,1939-10-16,1.7842,74.15,14390.599999999999,20977.551020408166,20558,W
966,B,M,1991-07-06,1.905,79.83,2605.24,28391.89189189189,8404,B
967,H,F,1985-10-16,1.4478,70.76,415.97700000000003,607.7669902912621,939,J
968,E,F,1986-12-03,1.625,52.1631,13661.175,28618.42105263158,23925,W
969,C,M,1979-04-19,1.7542,145.15,13904.099999999999,18306.912442396315,19863,W
970,F,F,1984-05-21,1.698,54.4642,13399.61,37663.15789473684,17890,R
971,A,M,1981-04-17,1.8542,92.9864,5215.3730000000005,10465.806451612902,8111,J
972,G,F,1957-02-18,1.5542,46.26,14638.195,30812.841530054644,22555,R
973,D,M,1939-10-16,1.7842,74.15,11013.099999999999,16054.081632653062,15733,W
974,B,M,1991-07-06,1.905,79.83,4899.86,53398.64864864865,15806,B
975,G,F,1957-02-18,1.5542,46.26,920.32,5478.0952380952385,2876,B
976,A,M,1981-04-17,1.8542,92.9864,4340,38153.846153846156,12400,B
977,H,F,1985-10-16,1.4478,70.76,1137.9950000000001,1488.1198347107438,2881,W
978,A,M,1981-04-17,1.8542,92.9864,4755.099999999999,41803.07692307692,13586,B
979,H,F,1985-10-16,1.4478,70.76,5916.705,7737.086776859504,14979,W
980,H,F,1985-10-16,1.4478,70.76,522.5,2200,1375,B
981,E,F,1986-12-03,1.625,52.1631,9799.34,28494.736842105263,13535,R
982,G,F,1957-02-18,1.5542,46.26,1257.92,7487.619047619048,3931,B
983,D,M,1939-10-16,1.7842,74.15,3726.6079999999997,6128.8056206088995,5234,J
984,F,F,1984-05-21,1.698,54.4642,2828.2799999999997,20720,6734,B
985,H,F,1985-10-16,1.4478,70.76,7035.7,29624,18515,B
986,H,F,1985-10-16,1.4478,70.76,3110.303,4544.336569579288,7021,J
987,B,M,1991-07-06,1.905,79.83,16518.670000000002,37613.469985358715,25690,J
988,F,F,1984-05-21,1.698,54.4642,3545.22,25972.30769230769,8441,B
989,G,F,1957-02-18,1.5542,46.26,1522.125,2448.248407643312,3075,W
990,A,M,1981-04-17,1.8542,92.9864,1844.5,3024.390243902439,3100,W
991,C,M,1979-04-19,1.7542,145.15,4490.55,18143.636363636364,9979,B
992,B,M,1991-07-06,1.905,79.83,5555.52,12650.073206442168,8640,J
993,I,M,1999-03-12,1.778,72.57,1757.319,5753.684210526316,2733,J
994,I,M,1999-03-12,1.778,72.57,8037.259999999999,14603.243243243243,13508,W
995,C,M,1979-04-19,1.7542,145.15,3450.352,5021.761658031088,4846,J
996,E,F,1986-12-03,1.625,52.1631,11736.039999999999,34126.31578947369,16210,R
997,G,F,1957-02-18,1.5542,46.26,3738.2400000000002,7868.852459016393,5760,R
998,B,M,1991-07-06,1.905,79.83,7139.61,77807.43243243244,23031,B
999,D,M,1939-10-16,1.7842,74.15,102.15,560.4938271604938,227,B
1000,G,F,1957-02-18,1.5542,46.26,13764.641,28974.043715846998,21209,R
